"discount_percentage","ratios","sum_count"
0.00,61.08500,1317
1.00,0.04600,1
2.00,0.09300,2
3.00,0.13900,3
4.00,0.04600,1
5.00,8.58100,185
6.00,0.04600,1
10.00,8.02400,173
15.00,7.28200,157
20.00,7.46800,161
25.00,7.14300,154
